No,Date
1,20190101
2,20190131
3,20190201
4,20190204
5,20190205
6,20190206
7,20190207
8,20190208
9,20190119
10,20190223
11,20190228
12,20190301
13,20190404
14,20190405
15,20190501
16,20190607
17,20190913
18,20190930
19,20191010
20,20191011
21,20200101
22,20200102
23,20200120
24,20200121
25,20200122
26,20200123
27,20200124
28,20200125
29,20200126
30,20200127
31,20200128
32,20200129
33,20200228
34,20200402
35,20200403
36,20200501
37,20200625
38,20200626
39,20201001
40,20201002
41,20201009
42,20210101
43,20210205
44,20210208
45,20210209
46,20210210
47,20210211
48,20210212
49,20210215
50,20210216
51,20210228
52,20210301
53,20210402
54,20210405
55,20210430
56,20210614
57,20210920
58,20210921
59,20211011
60,20211231
