,代號,名稱
1,0050,元大台灣50
2,0051,元大中型100
3,0052,富邦科技
4,0053,元大電子
5,0054,元大台商50
6,0055,元大MSCI金融
7,0056,元大高股息
8,0057,富邦摩台
9,0061,元大寶滬深
11,006203,元大MSCI台灣
12,006204,永豐臺灣加權
13,006205,富邦上証
14,006206,元大上證50
15,006207,FH滬深
16,006208,富邦台50
17,00625K,富邦上証+R
18,00631L,元大台灣50正2
19,00632R,元大台灣50反1
20,00633L,富邦上証正2
21,00634R,富邦上証反1
22,00635U,元大S&P黃金
23,00636,國泰中國A50
24,00636K,國泰中國A50+U
25,00637L,元大滬深300正2
26,00638R,元大滬深300反1
27,00639,富邦深100
28,00640L,富邦日本正2
29,00641R,富邦日本反1
30,00642U,元大S&P石油
31,00643,群益深証中小
32,00643K,群益深証中小+R
33,00645,富邦日本
34,00646,元大S&P500
35,00647L,元大S&P500正2
36,00648R,元大S&P500反1
37,00650L,FH香港正2
38,00651R,FH香港反1
39,00652,富邦印度
40,00653L,富邦印度正2
41,00654R,富邦印度反1
42,00655L,國泰中國A50正2
43,00656R,國泰中國A50反1
44,00657,國泰日經225
45,00657K,國泰日經225+U
46,00660,元大歐洲50
47,00661,元大日經225
48,00662,富邦NASDAQ
49,00663L,國泰臺灣加權正2
50,00664R,國泰臺灣加權反1
51,00665L,富邦恒生國企正2
52,00666R,富邦恒生國企反1
53,00668,國泰美國道瓊
54,00668K,國泰美國道瓊+U
55,00669R,國泰美國道瓊反1
56,00670L,富邦NASDAQ正2
57,00671R,富邦NASDAQ反1
58,00672L,元大S&P原油正2
59,00673R,元大S&P原油反1
60,00674R,元大S&P黃金反1
61,00675L,富邦臺灣加權正2
62,00676R,富邦臺灣加權反1
63,00677U,富邦VIX
64,00678,群益NBI生技
66,00680L,元大美債20正2
67,00681R,元大美債20反1
68,00682U,元大美元指數
69,00683L,元大美元指數正2
70,00684R,元大美元指數反1
71,00685L,群益臺灣加權正2
72,00686R,群益臺灣加權反1
74,00688L,國泰20年美債正2
75,00689R,國泰20年美債反1
76,00690,兆豐藍籌30
77,00691R,兆豐藍籌30反1
78,00692,富邦公司治理
79,00693U,街口S&P黃豆
84,00700,富邦恒生國企
85,00701,國泰股利精選30
86,00702,國泰標普低波高息
87,00703,台新MSCI中國
88,00706L,元大S&P日圓正2
89,00707R,元大S&P日圓反1
90,00708L,元大S&P黃金正2
91,00709,富邦歐洲
92,00710B,FH彭博高收益債
93,00711B,FH彭博新興債
94,00712,FH富時不動產
95,00713,元大台灣高息低波
96,00714,群益道瓊美國地產
97,00715L,街口布蘭特油正2
98,00717,富邦美國特別股
109,00728,第一金工業30
110,00730,富邦臺灣優質高息
111,00731,FH富時高息低波
112,00732,國泰RMB短期報酬
113,00733,富邦臺灣中小
115,00735,國泰臺韓科技
116,00736,國泰新興市場
117,00737,國泰AI+Robo
118,00738U,元大道瓊白銀
119,00739,元大MSCIA股
122,00742,新光內需收益
123,00743,國泰中國A150
132,00752,中信中國50
133,00753L,中信中國50正2
137,00757,統一FANG+
142,00762,元大全球AI
143,00763U,街口道瓊銅
146,00766L,台新MSCI中國正2
148,00770,國泰北美科技
149,00771,元大US高息特別股
152,00774B,新光中國政金綠債
153,00774C,新光中政金綠債+R
154,00775B,新光投等債15+
162,00783,富邦中証500
178,008201,BP上證50
179,00830,國泰費城半導體
198,00850,元大臺灣ESG永續
199,00851,台新全球AI
200,00852L,國泰美國道瓊正2
209,00861,元大全球未來通訊
213,00865B,國泰US短期公債
214,00866,新光ShillerCAPE
215,00875,國泰網路資安
215,00876,元大未來關鍵科技
215,00878,國泰永續高股息
249,1101,台泥
250,1101B,台泥乙特
251,1102,亞泥
252,1103,嘉泥
253,1104,環泥
254,1108,幸福
255,1109,信大
256,1110,東泥
257,1201,味全
258,1203,味王
259,1210,大成
260,1213,大飲
261,1215,卜蜂
262,1216,統一
263,1217,愛之味
264,1218,泰山
265,1219,福壽
266,1220,台榮
267,1225,福懋油
268,1227,佳格
269,1229,聯華
270,1231,聯華食
271,1232,大統益
272,1233,天仁
273,1234,黑松
274,1235,興泰
275,1236,宏亞
276,1240,茂生農經
277,1256,鮮活果汁-KY
278,1258,其祥-KY
279,1259,安心
280,1260,富味鄉
281,1264,德麥
282,1268,漢來美食
283,1269,乾杯
284,1301,台塑
285,1303,南亞
286,1304,台聚
287,1305,華夏
288,1307,三芳
289,1308,亞聚
290,1309,台達化
291,1310,台苯
292,1312,國喬
293,1312A,國喬特
294,1313,聯成
295,1314,中石化
296,1315,達新
297,1316,上曜
298,1319,東陽
299,1321,大洋
300,1323,永裕
301,1324,地球
302,1325,恆大
303,1326,台化
304,1336,台翰
305,1337,再生-KY
306,1338,廣華-KY
307,1339,昭輝
308,1340,勝悅-KY
309,1341,富林-KY
310,1342,八貫
311,1402,遠東新
312,1409,新纖
313,1410,南染
314,1413,宏洲
315,1414,東和
316,1416,廣豐
317,1417,嘉裕
318,1418,東華
319,1419,新紡
320,1423,利華
321,1432,大魯閣
322,1434,福懋
323,1435,中福
324,1436,華友聯
325,1437,勤益控
326,1438,裕豐
327,1439,中和
328,1440,南紡
329,1441,大東
330,1442,名軒
331,1443,立益
332,1444,力麗
333,1445,大宇
334,1446,宏和
335,1447,力鵬
336,1449,佳和
337,1451,年興
338,1452,宏益
339,1453,大將
340,1454,台富
341,1455,集盛
342,1456,怡華
343,1457,宜進
344,1459,聯發
345,1460,宏遠
346,1463,強盛
347,1464,得力
348,1465,偉全
349,1466,聚隆
350,1467,南緯
351,1468,昶和
352,1470,大統新創
353,1471,首利
354,1472,三洋紡
355,1473,台南
356,1474,弘裕
357,1475,本盟
358,1476,儒鴻
359,1477,聚陽
360,1503,士電
361,1504,東元
362,1506,正道
363,1507,永大
364,1512,瑞利
365,1513,中興電
366,1514,亞力
367,1515,力山
368,1516,川飛
369,1517,利奇
370,1519,華城
371,1521,大億
372,1522,堤維西
373,1524,耿鼎
374,1525,江申
375,1526,日馳
376,1527,鑽全
377,1528,恩德
378,1529,樂士
379,1530,亞崴
380,1531,高林股
381,1532,勤美
382,1533,車王電
383,1535,中宇
384,1536,和大
385,1537,廣隆
386,1538,正峰新
387,1539,巨庭
388,1540,喬福
389,1541,錩泰
390,1558,伸興
391,1560,中砂
392,1563,巧新
393,1565,精華
394,1568,倉佑
395,1569,濱川
396,1570,力肯
397,1580,新麥
398,1582,信錦
399,1583,程泰
400,1584,精剛
401,1585,鎧鉅
402,1586,和勤
403,1587,吉茂
404,1589,永冠-KY
405,1590,亞德客-KY
406,1591,駿吉-KY
407,1592,英瑞-KY
408,1593,祺驊
409,1594,日高
410,1595,川寶
411,1597,直得
412,1598,岱宇
413,1599,宏佳騰
414,1603,華電
415,1604,聲寶
416,1605,華新
417,1608,華榮
418,1609,大亞
419,1611,中電
420,1612,宏泰
421,1614,三洋電
422,1615,大山
423,1616,億泰
424,1617,榮星
425,1618,合機
426,1626,艾美特-KY
427,1701,中化
428,1702,南僑
429,1707,葡萄王
430,1708,東鹼
431,1709,和益
432,1710,東聯
433,1711,永光
434,1712,興農
435,1713,國化
436,1714,和桐
437,1717,長興
438,1718,中纖
439,1720,生達
440,1721,三晃
441,1722,台肥
442,1723,中碳
443,1724,台硝
444,1725,元禎
445,1726,永記
446,1727,中華化
447,1730,花仙子
448,1731,美吾華
449,1732,毛寶
450,1733,五鼎
451,1734,杏輝
452,1735,日勝化
453,1736,喬山
454,1737,臺鹽
455,1742,台蠟
456,1752,南光
457,1760,寶齡富錦
458,1762,中化生
459,1773,勝一
460,1776,展宇
461,1777,生泰
462,1780,立弘
463,1781,合世
464,1783,和康生
465,1784,訊聯
466,1785,光洋科
467,1786,科妍
468,1788,杏昌
469,1789,神隆
470,1795,美時
471,1796,金穎生技
472,1799,易威
473,1802,台玻
474,1805,寶徠
475,1806,冠軍
476,1808,潤隆
477,1809,中釉
478,1810,和成
479,1813,寶利徠
480,1815,富喬
481,1817,凱撒衛
482,1903,士紙
483,1904,正隆
484,1905,華紙
485,1906,寶隆
486,1907,永豐餘
487,1909,榮成
488,2002,中鋼
489,2002A,中鋼特
490,2006,東和鋼鐵
491,2007,燁興
492,2008,高興昌
493,2009,第一銅
494,2010,春源
495,2012,春雨
496,2013,中鋼構
497,2014,中鴻
498,2015,豐興
499,2017,官田鋼
500,2020,美亞
501,2022,聚亨
502,2023,燁輝
503,2024,志聯
504,2025,千興
505,2027,大成鋼
506,2028,威致
507,2029,盛餘
508,2030,彰源
509,2031,新光鋼
510,2032,新鋼
511,2033,佳大
512,2034,允強
513,2035,唐榮
514,2038,海光
515,2049,上銀
516,2059,川湖
517,2061,風青
518,2062,橋椿
519,2063,世鎧
520,2064,晉椿
521,2065,世豐
522,2066,世德
523,2067,嘉鋼
524,2069,運錩
525,2070,精湛
526,2071,震南鐵
527,2101,南港
528,2102,泰豐
529,2103,台橡
530,2104,國際中橡
531,2105,正新
532,2106,建大
533,2107,厚生
534,2108,南帝
535,2109,華豐
536,2114,鑫永銓
537,2115,六暉-KY
538,2201,裕隆
539,2204,中華
540,2206,三陽工業
541,2207,和泰車
542,2208,台船
543,2211,長榮鋼
544,2221,大甲
545,2227,裕日車
546,2228,劍麟
547,2230,泰茂
548,2231,為升
549,2233,宇隆
550,2235,謚源
551,2236,百達-KY
552,2237,華德動能
553,2239,英利-KY
554,2241,艾姆勒
555,2243,宏旭-KY
556,2245,詠勝昌
557,2246,凱勝綠能
558,2247,汎德永業
559,2248,華勝-KY
560,2249,湧盛
561,2301,光寶科
562,2302,麗正
563,2303,聯電
564,2305,全友
565,2308,台達電
566,2312,金寶
567,2313,華通
568,2314,台揚
569,2316,楠梓電
570,2317,鴻海
571,2321,東訊
572,2323,中環
573,2324,仁寶
574,2327,國巨
575,2328,廣宇
576,2329,華泰
577,2330,台積電
578,2331,精英
579,2332,友訊
580,2337,旺宏
581,2338,光罩
582,2340,光磊
583,2342,茂矽
584,2344,華邦電
585,2345,智邦
586,2347,聯強
587,2348,海悅
588,2349,錸德
589,2351,順德
590,2352,佳世達
591,2353,宏碁
592,2354,鴻準
593,2355,敬鵬
594,2356,英業達
595,2357,華碩
596,2358,廷鑫
597,2359,所羅門
598,2360,致茂
599,2362,藍天
600,2363,矽統
601,2364,倫飛
602,2365,昆盈
603,2367,燿華
604,2368,金像電
605,2369,菱生
606,2371,大同
607,2373,震旦行
608,2374,佳能
609,2375,凱美
610,2376,技嘉
611,2377,微星
612,2379,瑞昱
613,2380,虹光
614,2382,廣達
615,2383,台光電
616,2385,群光
617,2387,精元
618,2388,威盛
619,2390,云辰
620,2392,正崴
621,2393,億光
622,2395,研華
623,2397,友通
624,2399,映泰
625,2401,凌陽
626,2402,毅嘉
627,2404,漢唐
628,2405,浩鑫
629,2406,國碩
630,2408,南亞科
631,2409,友達
632,2412,中華電
633,2413,環科
634,2414,精技
635,2415,錩新
636,2417,圓剛
637,2419,仲琦
638,2420,新巨
639,2421,建準
640,2423,固緯
641,2424,隴華
642,2425,承啟
643,2426,鼎元
644,2427,三商電
645,2428,興勤
646,2429,銘旺科
647,2430,燦坤
648,2431,聯昌
649,2433,互盛電
650,2434,統懋
651,2436,偉詮電
652,2438,翔耀
653,2439,美律
654,2440,太空梭
655,2441,超豐
656,2442,新美齊
657,2443,億麗
658,2444,兆勁
659,2448,晶電
660,2449,京元電子
661,2450,神腦
662,2451,創見
663,2453,凌群
664,2454,聯發科
665,2455,全新
666,2456,奇力新
667,2457,飛宏
668,2458,義隆
669,2459,敦吉
670,2460,建通
671,2461,光群雷
672,2462,良得電
673,2464,盟立
674,2465,麗臺
675,2466,冠西電
676,2467,志聖
677,2468,華經
678,2471,資通
679,2472,立隆電
680,2474,可成
681,2476,鉅祥
682,2477,美隆電
683,2478,大毅
684,2480,敦陽科
685,2481,強茂
686,2482,連宇
687,2483,百容
688,2484,希華
689,2485,兆赫
690,2486,一詮
691,2488,漢平
692,2489,瑞軒
693,2491,吉祥全
694,2492,華新科
695,2493,揚博
696,2495,普安
697,2496,卓越
698,2497,怡利電
699,2498,宏達電
700,2501,國建
701,2504,國產
702,2505,國揚
703,2506,太設
704,2509,全坤建
705,2511,太子
706,2514,龍邦
707,2515,中工
708,2516,新建
709,2520,冠德
710,2524,京城
711,2527,宏璟
712,2528,皇普
713,2530,華建
714,2534,宏盛
715,2535,達欣工
716,2536,宏普
717,2537,聯上發
718,2538,基泰
719,2539,櫻花建
720,2540,愛山林
721,2542,興富發
722,2543,皇昌
723,2545,皇翔
724,2546,根基
725,2547,日勝生
726,2548,華固
727,2596,綠意
728,2597,潤弘
729,2599,樂揚
730,2601,益航
731,2603,長榮
732,2605,新興
733,2606,裕民
734,2607,榮運
735,2608,嘉里大榮
736,2609,陽明
737,2610,華航
738,2611,志信
739,2612,中航
740,2613,中櫃
741,2614,東森
742,2615,萬海
743,2616,山隆
744,2617,台航
745,2618,長榮航
746,2630,亞航
747,2633,台灣高鐵
748,2634,漢翔
749,2636,台驊投控
750,2637,慧洋-KY
751,2640,大車隊
752,2641,正德
753,2642,宅配通
754,2643,捷迅
755,2701,萬企
756,2702,華園
757,2704,國賓
758,2705,六福
759,2706,第一店
760,2707,晶華
761,2712,遠雄來
762,2718,晶悅
763,2719,燦星旅
764,2721,楷捷-KY
765,2722,夏都
766,2723,美食-KY
767,2724,富驛-KY
768,2726,雅茗-KY
769,2727,王品
770,2729,瓦城
771,2730,美麗信
772,2731,雄獅
773,2732,六角
774,2733,維格
775,2734,易飛網
776,2736,高野
777,2739,寒舍
778,2740,天蔥
779,2741,老四川
780,2743,山富
781,2745,五福
782,2748,雲品
783,2750,桃禧
784,2752,豆府
785,2754,亞洲藏壽司
786,2755,揚秦
787,2801,彰銀
788,2809,京城銀
789,2812,台中銀
790,2816,旺旺保
791,2820,華票
792,2823,中壽
793,2832,台產
794,2834,臺企銀
795,2836,高雄銀
796,2838,聯邦銀
797,2838A,聯邦銀甲特
798,2841,台開
799,2845,遠東銀
800,2849,安泰銀
801,2850,新產
802,2851,中再保
803,2852,第一保
804,2855,統一證
805,2867,三商壽
806,2880,華南金
807,2881,富邦金
808,2881A,富邦特
809,2881B,富邦金乙特
810,2882,國泰金
811,2882A,國泰特
812,2882B,國泰金乙特
813,2883,開發金
814,2884,玉山金
815,2885,元大金
816,2886,兆豐金
817,2887,台新金
818,2887E,台新戊特
819,2887F,台新戊特二
820,2888,新光金
821,2888A,新光金甲特
822,2889,國票金
823,2890,永豐金
824,2891,中信金
825,2891B,中信金乙特
826,2891C,中信金丙特
827,2892,第一金
828,2897,王道銀行
829,2897A,王道銀甲特
830,2901,欣欣
831,2903,遠百
832,2904,匯僑
833,2905,三商
834,2906,高林
835,2908,特力
836,2910,統領
837,2911,麗嬰房
838,2912,統一超
839,2913,農林
840,2915,潤泰全
841,2916,滿心
842,2923,鼎固-KY
843,2924,東凌-KY
844,2926,誠品生活
845,2928,紅馬-KY
846,2929,淘帝-KY
847,2936,客思達-KY
848,2937,集雅社
849,2938,床的世界
850,2939,凱羿-KY
851,2942,京站
852,2945,三商家購
853,3002,歐格
854,3003,健和興
855,3004,豐達科
856,3005,神基
857,3006,晶豪科
858,3008,大立光
859,3010,華立
860,3011,今皓
861,3013,晟銘電
862,3014,聯陽
863,3015,全漢
864,3016,嘉晶
865,3017,奇鋐
866,3018,同開
867,3019,亞光
868,3021,鴻名
869,3022,威強電
870,3023,信邦
871,3024,憶聲
872,3025,星通
873,3026,禾伸堂
874,3027,盛達
875,3028,增你強
876,3029,零壹
877,3030,德律
878,3031,佰鴻
879,3032,偉訓
880,3033,威健
881,3034,聯詠
882,3035,智原
883,3036,文曄
884,3037,欣興
885,3038,全台
886,3040,遠見
887,3041,揚智
888,3042,晶技
889,3043,科風
890,3044,健鼎
891,3045,台灣大
892,3046,建碁
893,3047,訊舟
894,3048,益登
895,3049,和鑫
896,3050,鈺德
897,3051,力特
898,3052,夆典
899,3054,立萬利
900,3055,蔚華科
901,3056,總太
902,3057,喬鼎
903,3058,立德
904,3059,華晶科
905,3060,銘異
906,3062,建漢
907,3064,泰偉
908,3066,李洲
909,3067,全域
910,3071,協禧
911,3073,凱柏實業
912,3078,僑威
913,3081,聯亞
914,3083,網龍
915,3086,華義
916,3088,艾訊
917,3089,元炬
918,3090,日電貿
919,3092,鴻碩
920,3093,港建
921,3094,聯傑
922,3095,及成
923,3097,拍檔
924,3105,穩懋
925,3114,好德
926,3115,寶島極
927,3117,年程
928,3118,進階
929,3122,笙泉
930,3128,昇銳
931,3130,一零四
932,3131,弘塑
933,3138,耀登
934,3141,晶宏
935,3144,新揚科
936,3147,大綜
937,3149,正達
938,3150,鈺寶
939,3152,璟德
940,3158,嘉實
941,3162,精確
942,3163,波若威
943,3164,景岳
944,3167,大量
945,3168,眾福科
946,3169,亞信
947,3171,新洲
948,3176,基亞
949,3178,公準
950,3184,微邦
951,3188,鑫龍騰
952,3189,景碩
953,3191,和進
954,3202,樺晟
955,3205,佰研
956,3206,志豐
957,3207,耀勝
958,3209,全科
959,3211,順達
960,3213,茂訊
961,3217,優群
962,3218,大學光
963,3221,台嘉碩
964,3224,三顧
965,3226,至寶電
966,3227,原相
967,3228,金麗科
968,3229,晟鈦
969,3230,錦明
970,3231,緯創
971,3232,昱捷
972,3234,光環
973,3236,千如
974,3252,海灣
975,3257,虹冠電
976,3259,鑫創
977,3260,威剛
978,3264,欣銓
979,3265,台星科
980,3266,昇陽
981,3268,海德威
982,3272,東碩
983,3276,宇環
984,3284,太普高
985,3285,微端
986,3287,廣寰科
987,3288,點晶
988,3289,宜特
989,3290,東浦
990,3293,鈊象
991,3294,英濟
992,3296,勝德
993,3297,杭特
994,3303,岱稜
995,3305,昇貿
996,3306,鼎天
997,3308,聯德
998,3310,佳穎
999,3311,閎暉
1000,3312,弘憶股
1001,3313,斐成
1002,3317,尼克森
1003,3321,同泰
1004,3322,建舜電
1005,3323,加百裕
1006,3324,雙鴻
1007,3325,旭品
1008,3332,幸康
1009,3338,泰碩
1010,3339,泰谷
1011,3346,麗清
1012,3349,寶德
1013,3354,律勝
1014,3356,奇偶
1015,3357,臺慶科
1016,3360,尚立
1017,3362,先進光
1018,3363,上詮
1019,3372,典範
1020,3373,熱映
1021,3374,精材
1022,3376,新日興
1023,3377,健格
1024,3379,彬台
1025,3380,明泰
1026,3383,新世紀
1027,3388,崇越電
1028,3390,旭軟
1029,3391,佳得
1030,3402,漢科
1031,3406,玉晶光
1032,3413,京鼎
1033,3416,融程電
1034,3419,譁裕
1035,3426,台興
1036,3429,彥陽
1037,3430,奇鈦科
1038,3432,台端
1039,3434,哲固
1040,3437,榮創
1041,3438,類比科
1042,3441,聯一光
1043,3443,創意
1044,3444,利機
1045,3450,聯鈞
1046,3454,晶睿
1047,3455,由田
1048,3465,進泰電子
1049,3466,致振
1050,3479,安勤
1051,3481,群創
1052,3483,力致
1053,3484,崧騰
1054,3485,敘豐
1055,3489,森寶
1056,3490,單井
1057,3491,昇達科
1058,3492,長盛
1059,3494,誠研
1060,3498,陽程
1061,3499,環天科
1062,3501,維熹
1063,3504,揚明光
1064,3508,位速
1065,3511,矽瑪
1066,3512,皇龍
1067,3515,華擎
1068,3516,亞帝歐
1069,3518,柏騰
1070,3520,振維
1071,3521,鴻翊
1072,3522,御頂
1073,3523,迎輝
1074,3526,凡甲
1075,3527,聚積
1076,3528,安馳
1077,3529,力旺
1078,3530,晶相光
1079,3531,先益
1080,3532,台勝科
1081,3533,嘉澤
1082,3535,晶彩科
1083,3536,誠創
1084,3537,堡達
1085,3540,曜越
1086,3541,西柏
1087,3543,州巧
1088,3545,敦泰
1089,3546,宇峻
1090,3548,兆利
1091,3550,聯穎
1092,3551,世禾
1093,3552,同致
1094,3555,重鵬
1095,3556,禾瑞亞
1096,3557,嘉威
1097,3558,神準
1098,3563,牧德
1099,3564,其陽
1100,3567,逸昌
1101,3570,大塚
1102,3576,聯合再生
1103,3577,泓格
1104,3580,友威科
1105,3581,博磊
1106,3583,辛耘
1107,3585,聯致
1108,3587,閎康
1109,3588,通嘉
1110,3591,艾笛森
1111,3592,瑞鼎
1112,3593,力銘
1113,3594,磐儀
1114,3595,山太士
1115,3596,智易
1116,3597,映興
1117,3603,建祥國際
1118,3605,宏致
1119,3607,谷崧
1120,3609,東林
1121,3611,鼎翰
1122,3615,安可
1123,3617,碩天
1124,3622,洋華
1125,3623,富晶通
1126,3624,光頡
1127,3625,西勝
1128,3627,華信科
1129,3628,盈正
1130,3629,地心引力
1131,3630,新鉅科
1132,3631,晟楠
1133,3632,研勤
1134,3633,云光
1135,3642,駿熠電
1136,3645,達邁
1137,3646,艾恩特
1138,3652,精聯
1139,3653,健策
1140,3659,百辰
1141,3661,世芯-KY
1142,3663,鑫科
1143,3664,安瑞-KY
1144,3665,貿聯-KY
1145,3666,光耀
1146,3669,圓展
1147,3672,康聯訊
1148,3673,TPK-KY
1149,3674,康訊
1150,3675,德微
1151,3678,聯享
1152,3679,新至陞
1153,3680,家登
1154,3682,亞太電
1155,3684,榮昌
1156,3685,元創精密
1157,3686,達能
1158,3687,歐買尬
1159,3688,華立捷
1160,3689,湧德
1161,3691,碩禾
1162,3693,營邦
1163,3694,海華
1164,3698,隆達
1165,3701,大眾控
1166,3702,大聯大
1167,3702A,大聯大甲特
1168,3703,欣陸
1169,3704,合勤控
1170,3705,永信
1171,3706,神達
1172,3707,漢磊
1173,3708,上緯投控
1174,3709,鑫聯大投控
1175,3710,連展投控
1176,3711,日月光投控
1177,3712,永崴投控
1178,3713,新晶投控
1179,4102,永日
1180,4104,佳醫
1181,4105,東洋
1182,4106,雃博
1183,4107,邦特
1184,4108,懷特
1185,4109,加捷生醫
1186,4111,濟生
1187,4113,聯上
1188,4114,健喬
1189,4116,明基醫
1190,4117,普生
1191,4119,旭富
1192,4120,友華
1193,4121,優盛
1194,4123,晟德
1195,4126,太醫
1196,4127,天良
1197,4128,中天
1198,4129,聯合
1199,4129A,聯合甲特
1200,4130,健亞
1201,4131,晶宇
1202,4132,國鼎
1203,4133,亞諾法
1204,4136,太和-KY
1205,4137,麗豐-KY
1206,4138,曜亞
1207,4139,馬光-KY
1208,4141,龍燈-KY
1209,4142,國光生
1210,4144,康聯-KY
1211,4147,中裕
1212,4148,全宇生技-KY
1213,4150,優你康
1214,4151,明躍
1215,4152,台微體
1216,4153,鈺緯
1217,4154,康樂-KY
1218,4155,訊映
1219,4157,太景*-KY
1220,4160,創源
1221,4161,聿新科
1222,4162,智擎
1223,4163,鐿鈦
1224,4164,承業醫
1225,4166,友霖
1226,4167,展旺
1227,4168,醣聯
1228,4169,泰宗
1229,4170,鑫品
1230,4171,瑞基
1231,4172,因華
1232,4173,久裕
1233,4174,浩鼎
1234,4175,杏一
1235,4183,福永生技
1236,4186,尖端醫
1237,4188,安克
1238,4190,佐登-KY
1239,4191,法德藥
1240,4192,杏國
1241,4194,禾生技
1242,4195,基米
1243,4197,暐世
1244,4198,環瑞醫
1245,4205,中華食
1246,4207,環泰
1247,4303,信立
1248,4304,勝昱
1249,4305,世坤
1250,4306,炎洲
1251,4401,東隆興
1252,4402,福大
1253,4406,新昕纖
1254,4413,飛寶企業
1255,4414,如興
1256,4416,三圓
1257,4417,金洲
1258,4419,元勝
1259,4420,光明
1260,4426,利勤
1261,4429,聚紡
1262,4430,耀億
1263,4431,敏成
1264,4432,銘旺實
1265,4433,興采
1266,4438,廣越
1267,4439,冠星-KY
1268,4440,宜新實業
1269,4502,健信
1270,4503,金雨
1271,4506,崇友
1272,4510,高鋒
1273,4513,福裕
1274,4523,永彰
1275,4526,東台
1276,4527,方土霖
1277,4528,江興鍛
1278,4529,淳紳
1279,4530,宏易
1280,4532,瑞智
1281,4533,協易機
1282,4534,慶騰
1283,4535,至興
1284,4536,拓凱
1285,4537,旭東
1286,4538,大詠城
1287,4540,全球傳動
1288,4541,晟田
1289,4542,科嶠
1290,4543,萬在
1291,4544,春日
1292,4545,銘鈺
1293,4546,長亨
1294,4549,桓達
1295,4550,長佳
1296,4551,智伸科
1297,4552,力達-KY
1298,4553,盛復
1299,4554,橙的
1300,4555,氣立
1301,4556,旭然
1302,4557,永新-KY
1303,4558,寶緯
1304,4559,久裕興
1305,4560,強信-KY
1306,4561,健椿
1307,4562,穎漢
1308,4563,百德
1309,4564,元翎
1310,4565,宏偉
1311,4566,時碩工業
1312,4568,科際精密
1313,4570,傑生
1314,4571,鈞興-KY
1315,4572,駐龍
1316,4573,高明鐵
1317,4575,銓寶
1318,4576,大銀微系統
1319,4578,總格精密
1320,4580,捷流閥業
1321,4581,光隆精密-KY
1322,4582,聚恆
1323,4609,唐鋒
1324,4702,中美實
1325,4706,大恭
1326,4707,磐亞
1327,4711,永純
1328,4712,南璋
1329,4714,永捷
1330,4716,大立
1331,4720,德淵
1332,4721,美琪瑪
1333,4722,國精化
1334,4725,信昌化
1335,4726,永昕
1336,4728,雙美
1337,4729,熒茂
1338,4730,通用
1339,4732,彥臣
1340,4735,豪展
1341,4736,泰博
1342,4737,華廣
1343,4738,尚化
1344,4739,康普
1345,4741,泓瀚
1346,4743,合一
1347,4744,皇將
1348,4745,合富-KY
1349,4746,台耀
1350,4747,強生
1351,4754,國碳科
1352,4755,三福化
1353,4760,勤凱
1354,4763,材料-KY
1355,4764,雙鍵
1356,4765,磐采
1357,4766,南寶
1358,4767,誠泰科技
1359,4768,晶呈科技
1360,4803,VHQ-KY
1361,4804,大略-KY
1362,4806,昇華
1363,4807,日成-KY
1364,4903,聯光通
1365,4904,遠傳
1366,4905,台聯電
1367,4906,正文
1368,4907,富宇
1369,4908,前鼎
1370,4909,新復興
1371,4911,德英
1372,4912,聯德控股-KY
1373,4915,致伸
1374,4916,事欣科
1375,4919,新唐
1376,4923,力士
1377,4924,欣厚-KY
1378,4925,智微
1379,4927,泰鼎-KY
1380,4930,燦星網
1381,4931,新盛力
1382,4933,友輝
1383,4934,太極
1384,4935,茂林-KY
1385,4938,和碩
1386,4939,亞電
1387,4942,嘉彰
1388,4943,康控-KY
1389,4944,兆遠
1390,4945,陞達科技
1391,4946,辣椒
1392,4950,牧東
1393,4951,精拓科
1394,4952,凌通
1395,4953,緯軟
1396,4956,光鋐
1397,4958,臻鼎-KY
1398,4960,誠美材
1399,4961,天鈺
1400,4966,譜瑞-KY
1401,4967,十銓
1402,4968,立積
1403,4971,IET-KY
1404,4972,湯石照明
1405,4973,廣穎
1406,4974,亞泰
1407,4976,佳凌
1408,4977,眾達-KY
1409,4979,華星光
1410,4980,佐臻
1411,4987,科誠
1412,4989,榮科
1413,4991,環宇-KY
1414,4994,傳奇
1415,4995,晶達
1416,4999,鑫禾
1417,5007,三星
1418,5009,榮剛
1419,5011,久陽
1420,5013,強新
1421,5014,建錩
1422,5015,華祺
1423,5016,松和
1424,5102,富強
1425,5201,凱衛
1426,5202,力新
1427,5203,訊連
1428,5205,中茂
1429,5206,坤悅
1430,5209,新鼎
1431,5210,寶碩
1432,5211,蒙恬
1433,5212,凌網
1434,5213,亞昕
1435,5215,科嘉-KY
1436,5216,優燈
1437,5220,萬達光電
1438,5222,全訊
1439,5223,安力-KY
1440,5225,東科-KY
1441,5227,立凱-KY
1442,5228,鈺鎧
1443,5230,雷笛克光學
1444,5233,有量
1445,5234,達興材料
1446,5240,建騰
1447,5243,乙盛-KY
1448,5244,弘凱
1449,5245,智晶
1450,5248,景傳
1451,5251,天鉞電
1452,5254,欣訊科技
1453,5258,虹堡
1454,5262,立達
1455,5263,智崴
1456,5264,鎧勝-KY
1457,5267,龍翩
1458,5269,祥碩
1459,5271,紘通
1460,5272,笙科
1461,5274,信驊
1462,5276,達輝-KY
1463,5277,葳天
1464,5278,尚凡
1465,5281,大峽谷-KY
1466,5283,禾聯碩
1467,5284,jpp-KY
1468,5285,界霖
1469,5287,數字
1470,5288,豐祥-KY
1471,5289,宜鼎
1472,5291,邑昇
1473,5292,華懋
1474,5297,廣化
1475,5299,杰力
1476,5301,寶得利
1477,5302,太欣
1478,5304,鼎創達
1479,5305,敦南
1480,5306,桂盟
1481,5309,系統電
1482,5310,天剛
1483,5312,寶島科
1484,5314,世紀
1485,5315,光聯
1486,5321,友銓
1487,5324,士開
1488,5328,華容
1489,5340,建榮
1490,5344,立衛
1491,5345,天揚
1492,5347,世界
1493,5348,系通
1494,5349,先豐
1495,5351,鈺創
1496,5353,台林
1497,5355,佳總
1498,5356,協益
1499,5364,力麗店
1500,5371,中光電
1501,5381,合正
1502,5383,金利
1503,5386,青雲
1504,5388,中磊
1505,5392,應華
1506,5398,慕康生醫
1507,5403,中菲
1508,5410,國眾
1509,5425,台半
1510,5426,振發
1511,5432,達威
1512,5434,崇越
1513,5438,東友
1514,5439,高技
1515,5443,均豪
1516,5450,寶聯通
1517,5452,佶優
1518,5455,昇益
1519,5457,宣德
1520,5460,同協
1521,5464,霖宏
1522,5465,富驊
1523,5468,凱鈺
1524,5469,瀚宇博
1525,5471,松翰
1526,5474,聰泰
1527,5475,德宏
1528,5478,智冠
1529,5481,新華
1530,5483,中美晶
1531,5484,慧友
1532,5487,通泰
1533,5488,松普
1534,5489,彩富
1535,5490,同亨
1536,5493,三聯
1537,5498,凱崴
1538,5508,永信建
1539,5511,德昌
1540,5512,力麒
1541,5514,三豐
1542,5515,建國
1543,5516,雙喜
1544,5519,隆大
1545,5520,力泰
1546,5521,工信
1547,5522,遠雄
1548,5523,豐謙
1549,5525,順天
1550,5529,志嘉
1551,5530,龍巖
1552,5531,鄉林
1553,5533,皇鼎
1554,5534,長虹
1555,5536,聖暉
1556,5538,東明-KY
1557,5543,崇佑-KY
1558,5546,永固-KY
1559,5547,久舜
1560,5601,台聯櫃
1561,5603,陸海
1562,5604,中連貨
1563,5607,遠雄港
1564,5608,四維航
1565,5609,中菲行
1566,5701,劍湖山
1567,5703,亞都
1568,5704,老爺知
1569,5706,鳳凰
1570,5820,日盛金
1571,5859,遠壽
1572,5863,瑞興銀
1573,5864,致和證
1574,5871,中租-KY
1575,5876,上海商銀
1576,5878,台名
1577,5880,合庫金
1578,5902,德記
1579,5903,全家
1580,5904,寶雅
1581,5905,南仁湖
1582,5906,台南-KY
1583,5907,大洋-KY
1584,6005,群益證
1585,6015,宏遠證
1586,6016,康和證
1587,6020,大展證
1588,6021,大慶證
1589,6023,元大期
1590,6024,群益期
1591,6026,福邦證
1592,6027,德信
1593,6028,公勝保經
1594,6101,寬魚國際
1595,6103,合邦
1596,6104,創惟
1597,6108,競國
1598,6109,亞元
1599,6111,大宇資
1600,6112,聚碩
1601,6113,亞矽
1602,6114,久威
1603,6115,鎰勝
1604,6116,彩晶
1605,6117,迎廣
1606,6118,建達
1607,6120,達運
1608,6121,新普
1609,6122,擎邦
1610,6123,上奇
1611,6124,業強
1612,6125,廣運
1613,6126,信音
1614,6127,九豪
1615,6128,上福
1616,6129,普誠
1617,6130,星寶國際
1618,6131,鈞泰
1619,6133,金橋
1620,6134,萬旭
1621,6136,富爾特
1622,6138,茂達
1623,6139,亞翔
1624,6140,訊達
1625,6141,柏承
1626,6142,友勁
1627,6143,振曜
1628,6144,得利影
1629,6146,耕興
1630,6147,頎邦
1631,6148,驊宏資
1632,6150,撼訊
1633,6151,晉倫
1634,6152,百一
1635,6153,嘉聯益
1636,6154,順發
1637,6155,鈞寶
1638,6156,松上
1639,6158,禾昌
1640,6160,欣技
1641,6161,捷波
1642,6163,華電網
1643,6164,華興
1644,6165,捷泰
1645,6166,凌華
1646,6167,久正
1647,6168,宏齊
1648,6169,昱泉
1649,6170,統振
1650,6171,亞銳士
1651,6172,互億
1652,6173,信昌電
1653,6174,安碁
1654,6175,立敦
1655,6176,瑞儀
1656,6177,達麗
1657,6179,亞通
1658,6180,橘子
1659,6182,合晶
1660,6183,關貿
1661,6184,大豐電
1662,6185,幃翔
1663,6186,新潤
1664,6187,萬潤
1665,6188,廣明
1666,6189,豐藝
1667,6190,萬泰科
1668,6191,精成科
1669,6192,巨路
1670,6194,育富
1671,6195,詩肯
1672,6196,帆宣
1673,6197,佳必琪
1674,6198,凌泰
1675,6199,天品
1676,6201,亞弘電
1677,6202,盛群
1678,6203,海韻電
1679,6204,艾華
1680,6205,詮欣
1681,6206,飛捷
1682,6207,雷科
1683,6208,日揚
1684,6209,今國光
1685,6210,慶生
1686,6212,理銘
1687,6213,聯茂
1688,6214,精誠
1689,6215,和椿
1690,6216,居易
1691,6217,中探針
1692,6218,豪勉
1693,6219,富旺
1694,6220,岳豐
1695,6221,晉泰
1696,6222,上揚
1697,6223,旺矽
1698,6224,聚鼎
1699,6225,天瀚
1700,6226,光鼎
1701,6227,茂綸
1702,6228,全譜
1703,6229,研通
1704,6230,超眾
1705,6231,系微
1706,6233,旺玖
1707,6234,高僑
1708,6235,華孚
1709,6236,康呈
1710,6237,驊訊
1711,6239,力成
1712,6240,松崗
1713,6241,易通展
1714,6242,立康
1715,6243,迅杰
1716,6244,茂迪
1717,6245,立端
1718,6246,臺龍
1719,6247,淇譽電
1720,6248,沛波
1721,6251,定穎
1722,6257,矽格
1723,6259,百徽
1724,6261,久元
1725,6263,普萊德
1726,6264,富裔
1727,6265,方土昶
1728,6266,泰詠
1729,6269,台郡
1730,6270,倍微
1731,6271,同欣電
1732,6272,驊陞
1733,6274,台燿
1734,6275,元山
1735,6276,安鈦克
1736,6277,宏正
1737,6278,台表科
1738,6279,胡連
1739,6281,全國電
1740,6282,康舒
1741,6283,淳安
1742,6284,佳邦
1743,6285,啟碁
1744,6287,元隆
1745,6288,聯嘉
1746,6289,華上
1747,6290,良維
1748,6291,沛亨
1749,6292,迅德
1750,6294,智基
1751,6403,群登
1752,6404,通訊-KY
1753,6405,悅城
1754,6407,相互
1755,6409,旭隼
1756,6411,晶焱
1757,6412,群電
1758,6414,樺漢
1759,6415,矽力-KY
1760,6416,瑞祺電通
1761,6417,韋僑
1762,6418,詠昇
1763,6419,京晨科
1764,6423,億而得
1765,6425,易發
1766,6426,統新
1767,6428,淘米
1768,6431,光麗-KY
1769,6432,今展科
1770,6434,達輝光電
1771,6435,大中
1772,6438,迅得
1773,6441,廣錠
1774,6442,光聖
1775,6443,元晶
1776,6445,經絡醫
1777,6446,藥華藥
1778,6449,鈺邦
1779,6451,訊芯-KY
1780,6452,康友-KY
1781,6456,GIS-KY
1782,6457,紘康
1783,6461,益得
1784,6462,神盾
1785,6464,台數科
1786,6465,威潤
1787,6468,棒辣椒
1788,6469,大樹
1789,6470,宇智
1790,6472,保瑞
1791,6473,好玩家*
1792,6474,華豫寧
1793,6475,岱煒
1794,6477,安集
1795,6482,弘煜科
1796,6485,點序
1797,6486,互動
1798,6488,環球晶
1799,6491,晶碩
1800,6492,生華科
1801,6493,雷虎生
1802,6494,九齊
1803,6495,納諾*-KY
1804,6496,科懋
1805,6497,亞獅康-KY
1806,6498,久禾光
1807,6499,益安
1808,6504,南六
1809,6505,台塑化
1810,6506,雙邦
1811,6508,惠光
1812,6509,聚和
1813,6510,精測
1814,6512,啟發電
1815,6514,芮特-KY
1816,6515,穎崴
1817,6516,勤崴國際
1818,6518,康科特
1819,6523,達爾膚
1820,6525,捷敏-KY
1821,6527,明達醫
1822,6529,研鼎
1823,6530,創威
1824,6531,愛普
1825,6532,瑞耘
1826,6533,晶心科
1827,6534,正瀚
1828,6535,順藥
1829,6536,碩豐
1830,6538,倉和
1831,6539,翔宇
1832,6541,泰福-KY
1833,6542,隆中
1834,6543,普惠醫工
1835,6545,擎力
1836,6547,高端疫苗
1837,6548,長科*
1838,6549,景凱
1839,6550,北極星藥業-KY
1840,6552,易華電
1841,6555,榮炭
1842,6556,勝品
1843,6558,興能高
1844,6559,研晶
1845,6560,欣普羅
1846,6561,是方
1847,6564,安特羅
1848,6565,物聯
1849,6566,創益
1850,6568,宏觀
1851,6569,醫揚
1852,6570,維田
1853,6572,博錸
1854,6573,虹揚-KY
1855,6574,霈方
1856,6575,心悅
1857,6576,逸達
1858,6577,勁豐
1859,6578,達邦蛋白
1860,6579,研揚
1861,6580,台睿
1862,6581,鋼聯
1863,6582,申豐
1864,6583,友松
1865,6584,南俊國際
1866,6585,鼎基
1867,6586,醣基
1868,6588,東典光電
1869,6589,台康生技
1870,6590,普鴻
1871,6591,動力-KY
1872,6592,和潤企業
1873,6593,台灣銘板
1874,6594,展匯科
1875,6595,光禹國際
1876,6596,寬宏藝術
1877,6597,立誠
1878,6598,ABC-KY
1879,6599,普達系統
1880,6603,富強鑫
1881,6605,帝寶
1882,6606,建德工業
1883,6609,瀧澤科
1884,6610,安成生技
1885,6611,方舟
1886,6612,奈米醫材
1887,6613,朋億
1888,6615,慧智
1889,6616,特昇-KY
1890,6617,共信-KY
1891,6618,永虹先進
1892,6620,漢達
1893,6621,華宇藥
1894,6622,百聿數碼
1895,6624,萬年清
1896,6625,必應
1897,6626,唯數
1898,6629,泰金-KY
1899,6633,萊鎂醫
1900,6634,欣耀
1901,6637,醫影
1902,6638,沅聖
1903,6639,源大環能
1904,6640,均華
1905,6641,基士德-KY
1906,6642,富致
1907,6643,M31
1908,6645,金萬林
1909,6648,斯其大
1910,6649,台生材
1911,6650,帝圖
1912,6651,全宇昕
1913,6652,雅祥生醫
1914,6654,天正國際
1915,6655,科定
1916,6657,華安
1917,6661,威健生技
1918,6662,樂斯科
1919,6664,群翊
1920,6665,康聯生醫
1921,6666,羅麗芬-KY
1922,6667,信紘科
1923,6668,中揚光
1924,6669,緯穎
1925,6670,復盛應用
1926,6671,三能-KY
1927,6672,騰輝電子-KY
1928,6673,和詮
1929,6674,鋐寶科技
1930,6677,瑩碩生技
1931,6679,鈺太
1932,6680,鑫創電子
1933,6682,碩鑽材料
1934,6683,雍智科技
1935,6684,安格
1936,6688,海樂影業
1937,6689,伊雲谷
1938,6690,安碁資訊
1939,6691,洋基工程
1940,6692,進能服
1941,6693,廣閎科
1942,6695,芯鼎
1943,6696,仁新
1944,6697,東捷資訊
1945,6698,旭暉應材
1946,6699,奇邑
1947,6703,軒郁
1948,6705,振躍精密
1949,6706,惠特
1950,6708,天擎
1951,6709,昱厚生技
1952,6712,長聖
1953,6713,博謙生技
1954,6715,嘉基
1955,6716,應廣
1956,6717,智慧光
1957,6720,久昌
1958,6721,信實保全
1959,6723,傑智環境
1960,6724,創王
1961,6727,亞泰金屬
1962,6728,上洋
1963,6729,機光科技
1964,6730,常廣
1965,6731,啟坤
1966,6732,昇佳電子
1967,6733,博晟生醫
1968,6734,安盛生
1969,6735,美達科技
1970,6736,碩辣椒
1971,6737,秀育
1972,6738,鼎恒
1973,6740,松果購物
1974,6743,安普新
1975,6744,豐技生技
1976,6747,亨泰光
1977,6750,泰創工程
1978,6751,智聯服務
1979,6752,叡揚資訊
1980,6754,匯僑設計
1981,6755,連鋐科技
1982,6756,威鋒電子
1983,6757,台灣虎航
1984,6758,冠亞
1985,6761,穩得
1986,6762,達亞
1987,6763,綠界科技
1988,6764,亞洲教育
1989,6767,台微醫
1990,6771,平和環保
1991,6775,穎台科技
1992,6776,展碁國際
1993,6803,崑鼎
1994,7402,邑錡
1995,7419,達勝
1996,7443,凡事康
1997,7507,環拓科技
1998,7516,清淨海
1999,7551,知識科技
2000,7556,意德士
2001,8011,台通
2002,8016,矽創
2003,8021,尖點
2004,8024,佑華
2005,8027,鈦昇
2006,8028,昇陽半導體
2007,8032,光菱
2008,8033,雷虎
2009,8034,榮群
2010,8038,長園科
2011,8039,台虹
2012,8040,九暘
2013,8042,金山電
2014,8043,蜜望實
2015,8044,網家
2016,8045,達運光電
2017,8046,南電
2018,8047,星雲
2019,8048,德勝
2020,8049,晶采
2021,8050,廣積
2022,8054,安國
2023,8059,凱碩
2024,8064,東捷
2025,8066,來思達
2026,8067,志旭
2027,8068,全達
2028,8069,元太
2029,8070,長華
2030,8071,能率網通
2031,8072,陞泰
2032,8074,鉅橡
2033,8076,伍豐
2034,8077,洛碁
2035,8080,永利聯合
2036,8081,致新
2037,8083,瑞穎
2038,8084,巨虹
2039,8085,福華
2040,8086,宏捷科
2041,8087,華鎂鑫
2042,8088,品安
2043,8089,康全電訊
2044,8091,翔名
2045,8092,建暐
2046,8093,保銳
2047,8096,擎亞
2048,8097,常珵
2049,8099,大世科
2050,8101,華冠
2051,8103,瀚荃
2052,8104,錸寶
2053,8105,凌巨
2054,8107,大億金茂
2055,8109,博大
2056,8110,華東
2057,8111,立碁
2058,8112,至上
2059,8114,振樺電
2060,8115,帝聞
2061,8119,公信
2062,8121,越峰
2063,8131,福懋科
2064,8147,正淩
2065,8150,南茂
2066,8155,博智
2067,8163,達方
2068,8171,天宇
2069,8176,智捷
2070,8179,旭德
2071,8182,加高
2072,8183,精星
2073,8201,無敵
2074,8210,勤誠
2075,8213,志超
2076,8215,明基材
2077,8222,寶一
2078,8234,新漢
2079,8240,華宏
2080,8249,菱光
2081,8255,朋程
2082,8261,富鼎
2083,8271,宇瞻
2084,8277,商丞
2085,8279,生展
2086,8281,歐普羅
2087,8284,三竹
2088,8289,泰藝
2089,8291,尚茂
2090,8298,威睿
2091,8299,群聯
2092,8329,台視
2093,8341,日友
2094,8342,益張
2095,8349,恒耀
2096,8349A,恒耀甲特
2097,8354,冠好
2098,8358,金居
2099,8359,錢櫃
2100,8367,建新國際
2101,8374,羅昇
2102,8383,千附
2103,8390,金益鼎
2104,8401,白紗科
2105,8403,盛弘
2106,8404,百和興業-KY
2107,8406,金可-KY
2108,8409,商之器
2109,8410,森田
2110,8411,福貞-KY
2111,8415,大國鋼
2112,8416,實威
2113,8418,捷必勝-KY
2114,8420,明揚
2115,8421,旭源
2116,8422,可寧衛
2117,8423,保綠-KY
2118,8424,惠普
2119,8426,紅木-KY
2120,8427,基勝-KY
2121,8429,金麗-KY
2122,8431,匯鑽科
2123,8432,東生華
2124,8433,弘帆
2125,8435,鉅邁
2126,8436,大江
2127,8437,大地-KY
2128,8438,昶昕
2129,8440,綠電
2130,8442,威宏-KY
2131,8443,阿瘦
2132,8444,綠河-KY
2133,8446,華研
2134,8450,霹靂
2135,8454,富邦媒
2136,8455,大拓-KY
2137,8458,影一
2138,8462,柏文
2139,8463,潤泰材
2140,8464,億豐
2141,8465,德河
2142,8466,美吉吉-KY
2143,8467,波力-KY
2144,8472,夠麻吉
2145,8473,山林水
2146,8476,台境
2147,8477,創業家
2148,8478,東哥遊艇
2149,8480,泰昇-KY
2150,8481,政伸
2151,8482,商億-KY
2152,8487,愛爾達
2153,8488,吉源-KY
2154,8489,三貝德
2155,8490,利得
2156,8491,真好玩
2157,8492,兔將
2158,8495,經緯航
2159,8497,格威傳媒
2160,8499,鼎炫-KY
2161,8905,裕國
2162,8906,花王
2163,8908,欣雄
2164,8916,光隆
2165,8916A,光隆甲特
2166,8917,欣泰
2167,8921,沈氏
2168,8923,時報
2169,8924,大田
2170,8926,台汽電
2171,8927,北基
2172,8928,鉅明
2173,8929,富堡
2174,8930,青鋼
2175,8931,大汽電
2176,8932,宏大
2177,8933,愛地雅
2178,8934,衡平
2179,8935,邦泰
2180,8936,國統
2181,8937,合騏
2182,8938,明安
2183,8940,新天地
2184,8941,關中
2185,8942,森鉅
2186,8996,高力
2187,9103,美德醫療-DR
2188,910322,康師傅-DR
2189,9105,泰金寶-DR
2190,910861,神州-DR
2191,9110,越南控-DR
2192,911608,明輝-DR
2193,911616,杜康-DR
2194,911622,泰聚亨-DR
2195,911868,同方友友-DR
2196,912000,晨訊科-DR
2197,912398,友佳-DR
2198,9136,巨騰-DR
2199,9188,精熙-DR
2200,9802,鈺齊-KY
2201,9902,台火
2202,9904,寶成
2203,9905,大華
2204,9906,欣巴巴
2205,9907,統一實
2206,9908,大台北
2207,9910,豐泰
2208,9911,櫻花
2209,9912,偉聯
2210,9914,美利達
2211,9917,中保科
2212,9918,欣天然
2213,9919,康那香
2214,9921,巨大
2215,9924,福興
2216,9925,新保
2217,9926,新海
2218,9927,泰銘
2219,9928,中視
2220,9929,秋雨
2221,9930,中聯資源
2222,9931,欣高
2223,9933,中鼎
2224,9934,成霖
2225,9935,慶豐富
2226,9937,全國
2227,9938,百和
2228,9939,宏全
2229,9940,信義
2230,9941,裕融
2231,9941A,裕融甲特
2232,9942,茂順
2233,9943,好樂迪
2234,9944,新麗
2235,9945,潤泰新
2236,9946,三發地產
2237,9949,琉園
2238,9950,萬國通
2239,9951,皇田
2240,9955,佳龍
2241,9957,燁聯
2242,9958,世紀鋼
2243,9960,邁達康
2244,9962,有益
2245,00878 ,國泰永續高股息
